{
  "project_info": {
    "project_number": "734924227130",
    "project_id": "curd-operation-88d32",
    "storage_bucket": "curd-operation-88d32.appspot.com"
  },
  "client": [
    {
      "client_info": {
        "mobilesdk_app_id": "1:734924227130:android:24596b2fc25212afeaab03",
        "android_client_info": {
          "package_name": "com.curdoperation"
        }
      },
      "oauth_client": [],
      "api_key": [
        {
          "current_key": "AIzaSyD_Jh4IZyCzBuS0T3ujur-C9949PbB8Lcw"
        }
      ],
      "services": {
        "appinvite_service": {
          "other_platform_oauth_client": []
        }
      }
    }
  ],
  "configuration_version": "1"
}